"","x"
"1",1111150
"2",1112652
"3",1118240
"4",1122253
"5",1129881
"6",1130190
"7",1133807
"8",1139537
"9",1145447
"10",1147969
"11",1151500
"12",1152497
"13",1159534
"14",1163138
"15",1165073
"16",1181061
"17",1185496
"18",1186066
"19",1187375
"20",1187770
"21",1189849
"22",1190350
"23",1191234
"24",1192846
"25",1196659
"26",1199872
"27",1205389
"28",1205710
"29",1206880
"30",1208446
"31",1208899
"32",1209808
"33",1211502
"34",1213571
"35",1219199
"36",1225251
"37",1226429
"38",1228147
"39",1228599
"40",1232095
"41",1234671
"42",1236886
"43",1239495
"44",1239512
"45",1239809
"46",1251035
"47",1253644
"48",1257148
"49",1258772
"50",1261342
"51",1268015
"52",1273678
"53",1280095
"54",1286055
"55",1291938
"56",1298236
"57",1306166
"58",1306360
"59",1308820
"60",1309346
"61",1316452
"62",1316578
"63",1319364
"64",1320429
"65",1326860
"66",1328684
"67",1328773
"68",1330761
"69",1331893
"70",1333461
"71",1334991
"72",1335081
"73",1335296
"74",1341950
"75",1342586
"76",1345404
"77",1347983
"78",1348998
"79",1351494
"80",1357088
"81",1358080
"82",1358421
"83",1361380
"84",1362713
"85",1365237
"86",1367227
"87",1367702
"88",1372125
"89",1372138
"90",1373612
"91",1376511
"92",1380002
"93",1384872
"94",1388428
"95",1388525
"96",1389680
"97",1393725
"98",1394163
"99",1398613
"100",1406081
"101",1406463
"102",1408976
"103",1409604
"104",1417072
"105",1425273
"106",1444781
"107",1446797
"108",1447034
"109",1447614
"110",1450533
"111",1451760
"112",1453886
"113",1459857
"114",1472824
"115",1475277
"116",1479302
"117",1486150
"118",1498055
"119",1498452
"120",1512735
"121",1519426
"122",1519916
"123",1521200
"124",1524965
"125",1526241
"126",1529311
"127",1533140
"128",1533251
"129",1536921
"130",1537782
"131",1538315
"132",1540145
"133",1544335
"134",1551926
"135",1553242
"136",1553434
"137",1565950
"138",1566239
"139",1567331
"140",1573502
"141",1573995
"142",1586504
"143",1595472
"144",1602693
"145",1613870
"146",1615092
"147",1616800
"148",1624508
"149",1628643
"150",1631490
"151",1641655
"152",1651289
"153",1658116
"154",1659342
"155",1660798
"156",1664146
"157",1664412
"158",1666972
"159",1670376
"160",1672882
"161",1674084
"162",1680736
"163",1681779
"164",1692091
"165",1694072
"166",1697421
"167",1698056
"168",1704436
"169",1709535
"170",1713278
"171",1717580
"172",1729817
"173",1729827
"174",1731712
"175",1735553
"176",1736273
"177",1744045
"178",1754034
"179",1759995
"180",1760148
"181",1761831
"182",1764442
"183",1765463
"184",1769533
"185",1772230
"186",1782664
"187",1783414
"188",1783908
"189",1784858
"190",1788903
"191",1791022
"192",1793203
"193",1793723
"194",1795216
"195",1797884
"196",1800933
"197",1807128
"198",1810556
"199",1814758
"200",1815121
"201",1829551
"202",1844194
"203",1850142
"204",1850957
"205",1855754
"206",1858773
"207",1859154
"208",1863166
"209",1863383
"210",1863946
"211",1869865
"212",1874556
"213",1875822
"214",1882489
"215",1894800
"216",1897201
"217",1901224
"218",1904560
"219",1911614
"220",1911639
"221",1914142
"222",1919822
"223",1926911
"224",1931664
"225",1931910
"226",1938645
"227",1949970
"228",1952057
"229",1952777
"230",1954551
"231",1969045
"232",1973673
"233",1974568
"234",1977504
"235",1984450
"236",1986816
"237",1988399
"238",1991882
"239",1992097
"240",1995616
"241",1997967
"242",2000521
"243",2000958
"244",2002276
"245",2002473
"246",2010376
"247",2011934
"248",2013638
"249",2015771
"250",2015790
"251",2017007
"252",2019026
"253",2021998
"254",2026004
"255",2026831
"256",2030288
"257",2030902
"258",2035582
"259",2040459
"260",2042380
"261",2043555
"262",2043827
"263",2047406
"264",2051329
"265",2053588
"266",2055607
"267",2056781
"268",2058395
"269",2060818
"270",2065163
"271",2070849
"272",2088984
"273",2093018
"274",2096320
"275",2096754
"276",2106839
"277",2111032
"278",2114341
"279",2115807
"280",2126445
"281",2129085
"282",2131971
"283",2133544
"284",2147078
"285",2148328
"286",2151665
"287",2153762
"288",2155036
"289",2158147
"290",2158940
"291",2162743
"292",2164529
"293",2165346
"294",2168311
"295",2169633
"296",2180591
"297",2182137
"298",2187740
"299",2190617
"300",2194786
"301",2196059
"302",2201085
"303",2203062
"304",2209558
"305",2211764
"306",2212449
"307",2213068
"308",2217940
"309",2218764
"310",2236042
"311",2241037
"312",2245028
"313",2245268
"314",2246749
"315",2248557
"316",2252500
"317",2253315
"318",2255166
"319",2259104
"320",2259108
"321",2260437
"322",2266983
"323",2271727
"324",2272710
"325",2273274
"326",2275485
"327",2286679
"328",2290716
"329",2293910
"330",2295372
"331",2296532
"332",2298019
"333",2298471
"334",2302049
"335",2307440
"336",2308384
"337",2308910
"338",2309600
"339",2311519
"340",2314509
"341",2315044
"342",2319010
"343",2323327
"344",2323662
"345",2325023
"346",2329563
"347",2331748
"348",2338960
"349",2340027
"350",2340164
"351",2342873
"352",2350118
"353",2355115
"354",2370414
"355",2371321
"356",2380359
"357",2383493
"358",2394614
"359",2396195
"360",2397200
"361",2398492
"362",2406186
"363",2407956
"364",2418092
"365",2418950
"366",2424748
"367",2425626
"368",2431791
"369",2432840
"370",2433090
"371",2436078
"372",2437740
"373",2439250
"374",2440356
"375",2456644
"376",2459581
"377",2460430
"378",2462867
"379",2463328
"380",2467130
"381",2479297
"382",2487578
"383",2490304
"384",2499157
"385",2503479
"386",2509808
"387",2514885
"388",2523140
"389",2525111
"390",2529351
"391",2543198
"392",2543629
"393",2548112
"394",2549752
"395",2550752
"396",2554060
"397",2556685
"398",2556814
"399",2557964
"400",2558795
"401",2572138
"402",2579392
"403",2586055
"404",2587495
"405",2587949
"406",2591443
"407",2594084
"408",2600949
"409",2612535
"410",2621810
"411",2627363
"412",2641240
"413",2648320
"414",2652116
"415",2653764
"416",2654414
"417",2656484
"418",2656935
"419",2660374
"420",2661980
"421",2665344
"422",2672557
"423",2675344
"424",2677781
"425",2678444
"426",2690429
"427",2691137
"428",2693187
"429",2694650
"430",2695142
"431",2701468
"432",2702743
"433",2703507
"434",2707946
"435",2708796
"436",2711665
"437",2711854
"438",2721896
"439",2722710
"440",2723628
"441",2731780
"442",2735501
"443",2735858
"444",2738686
"445",2744994
"446",2746513
"447",2746560
"448",2748516
"449",2748637
"450",2766249
"451",2780003
"452",2780542
"453",2782319
"454",2790180
"455",2790299
"456",2796083
"457",2796656
"458",2797150
"459",2797538
"460",2798361
"461",2808042
"462",2813659
"463",2823767
"464",2829057
"465",2830558
"466",2832796
"467",2841832
"468",2844512
"469",2847259
"470",2851255
"471",2854453
"472",2858435
"473",2860414
"474",2865056
"475",2866603
"476",2869378
"477",2871140
"478",2871764
"479",2877883
"480",2878677
"481",2879346
"482",2879587
"483",2883671
"484",2908121
"485",2912175
"486",2916735
"487",2927246
"488",2928647
"489",2934062
"490",2935091
"491",2938528
"492",2940609
"493",2953201
"494",2959025
"495",2962009
"496",2964020
"497",2971037
"498",2971339
"499",2980141
"500",2983020
"501",2985252
"502",2989124
"503",2997846
"504",2998770
"505",3007130
"506",3009081
"507",3010517
"508",3012828
"509",3013256
"510",3013411
"511",3015910
"512",3016778
"513",3017377
"514",3018625
"515",3023222
"516",3024731
"517",3028629
"518",3028737
"519",3030200
"520",3031627
"521",3045181
"522",3047031
"523",3049420
"524",3050456
"525",3051140
"526",3051341
"527",3052829
"528",3053086
"529",3057821
"530",3059530
"531",3060798
"532",3064795
"533",3076045
"534",3076194
"535",3089783
"536",3096292
"537",3098552
"538",3104164
"539",3104810
"540",3107323
"541",3115408
"542",3124528
"543",3125998
"544",3127926
"545",3128389
"546",3141743
"547",3146340
"548",3149432
"549",3153593
"550",3154290
"551",3154740
"552",3155176
"553",3156128
"554",3156286
"555",3164283
"556",3168467
"557",3172084
"558",3173116
"559",3181093
"560",3183354
"561",3192986
"562",3196587
"563",3198593
"564",3201517
"565",3203520
"566",3209308
"567",3214900
"568",3215031
"569",3216155
"570",3221343
"571",3222987
"572",3223289
"573",3227784
"574",3228999
"575",3231481
"576",3234473
"577",3238285
"578",3241864
"579",3243905
"580",3244864
"581",3246676
"582",3252384
"583",3257971
"584",3261109
"585",3262315
"586",3267064
"587",3269235
"588",3269578
"589",3270551
"590",3282681
"591",3286509
"592",3291854
"593",3291992
"594",3297151
"595",3299125
"596",3300765
"597",3308931
"598",3309054
"599",3313353
"600",3320062
"601",1
"602",1
"603",1
"604",1
"605",1
"606",1
"607",1
"608",1
"609",2
"610",1
"611",1
"612",1
"613",1
"614",1
"615",1
"616",1
"617",1
"618",1
"619",1
"620",1
"621",1
"622",1
"623",1
"624",1
"625",2
"626",1
"627",1
"628",1
"629",1
"630",1
"631",1
"632",1
"633",1
"634",1
"635",1
"636",1
"637",1
"638",1
"639",1
"640",1
"641",1
"642",1
"643",1
"644",1
"645",1
"646",1
"647",2
"648",1
"649",1
"650",1
"651",1
"652",1
"653",1
"654",1
"655",1
"656",1
"657",1
"658",1
"659",1
"660",1
"661",1
"662",1
"663",1
"664",1
"665",1
"666",1
"667",1
"668",1
"669",1
"670",1
"671",1
"672",1
"673",2
"674",1
"675",1
"676",1
"677",2
"678",1
"679",1
"680",1
"681",1
"682",1
"683",1
"684",1
"685",1
"686",1
"687",1
"688",1
"689",1
"690",1
"691",1
"692",1
"693",1
"694",1
"695",2
"696",1
"697",1
"698",2
"699",1
"700",1
"701",1
"702",1
"703",1
"704",1
"705",1
"706",1
"707",1
"708",2
"709",1
"710",1
"711",1
"712",1
"713",1
"714",1
"715",1
"716",1
"717",1
"718",1
"719",1
"720",1
"721",1
"722",1
"723",2
"724",1
"725",1
"726",1
"727",1
"728",1
"729",1
"730",1
"731",1
"732",1
"733",1
"734",1
"735",1
"736",1
"737",1
"738",1
"739",1
"740",1
"741",1
"742",1
"743",1
"744",1
"745",1
"746",1
"747",1
"748",1
"749",1
"750",2
"751",1
"752",1
"753",1
"754",1
"755",1
"756",1
"757",1
"758",1
"759",1
"760",1
"761",1
"762",1
"763",1
"764",1
"765",1
"766",1
"767",1
"768",1
"769",1
"770",1
"771",1
"772",1
"773",1
"774",1
"775",1
"776",1
"777",1
"778",1
"779",1
"780",1
"781",1
"782",1
"783",1
"784",1
"785",1
"786",1
"787",1
"788",1
"789",2
"790",1
"791",1
"792",1
"793",1
"794",1
"795",1
"796",1
"797",1
"798",1
"799",1
"800",1
"801",1
"802",1
"803",1
"804",1
"805",2
"806",1
"807",1
"808",1
"809",1
"810",2
"811",1
"812",1
"813",1
"814",2
"815",1
"816",1
"817",1
"818",1
"819",1
"820",1
"821",1
"822",1
"823",1
"824",1
"825",1
"826",1
"827",1
"828",1
"829",1
"830",1
"831",1
"832",1
"833",1
"834",1
"835",1
"836",1
"837",1
"838",2
"839",1
"840",1
"841",2
"842",2
"843",1
"844",1
"845",1
"846",1
"847",1
"848",1
"849",1
"850",1
"851",2
"852",1
"853",1
"854",1
"855",1
"856",1
"857",1
"858",1
"859",1
"860",1
"861",1
"862",2
"863",1
"864",1
"865",1
"866",1
"867",1
"868",1
"869",1
"870",1
"871",1
"872",1
"873",1
"874",1
"875",1
"876",2
"877",1
"878",1
"879",1
"880",1
"881",2
"882",1
"883",1
"884",1
"885",1
"886",1
"887",1
"888",1
"889",1
"890",1
"891",1
"892",1
"893",1
"894",1
"895",1
"896",1
"897",1
"898",1
"899",1
"900",2
"901",1
"902",1
"903",1
"904",1
"905",1
"906",1
"907",1
"908",1
"909",1
"910",1
"911",1
"912",1
"913",1
"914",1
"915",1
"916",1
"917",1
"918",1
"919",1
"920",1
"921",1
"922",1
"923",1
"924",1
"925",1
"926",1
"927",1
"928",1
"929",1
"930",1
"931",1
"932",2
"933",1
"934",1
"935",1
"936",1
"937",1
"938",1
"939",1
"940",1
"941",1
"942",1
"943",1
"944",1
"945",1
"946",1
"947",1
"948",1
"949",1
"950",1
"951",1
"952",1
"953",1
"954",1
"955",1
"956",1
"957",1
"958",1
"959",1
"960",1
"961",2
"962",1
"963",1
"964",1
"965",1
"966",1
"967",1
"968",2
"969",1
"970",1
"971",1
"972",1
"973",1
"974",1
"975",1
"976",1
"977",1
"978",1
"979",1
"980",1
"981",1
"982",1
"983",1
"984",1
"985",1
"986",1
"987",1
"988",1
"989",1
"990",1
"991",1
"992",1
"993",1
"994",1
"995",1
"996",1
"997",1
"998",1
"999",1
"1000",1
"1001",1
"1002",1
"1003",1
"1004",1
"1005",1
"1006",1
"1007",1
"1008",1
"1009",1
"1010",1
"1011",1
"1012",2
"1013",1
"1014",1
"1015",1
"1016",1
"1017",1
"1018",1
"1019",1
"1020",1
"1021",1
"1022",1
"1023",1
"1024",1
"1025",1
"1026",1
"1027",1
"1028",1
"1029",1
"1030",1
"1031",1
"1032",1
"1033",1
"1034",1
"1035",1
"1036",1
"1037",1
"1038",1
"1039",1
"1040",1
"1041",1
"1042",1
"1043",1
"1044",1
"1045",2
"1046",2
"1047",1
"1048",1
"1049",1
"1050",1
"1051",1
"1052",1
"1053",1
"1054",1
"1055",1
"1056",1
"1057",1
"1058",1
"1059",1
"1060",1
"1061",1
"1062",1
"1063",1
"1064",1
"1065",1
"1066",1
"1067",1
"1068",1
"1069",1
"1070",1
"1071",1
"1072",1
"1073",2
"1074",1
"1075",1
"1076",1
"1077",2
"1078",1
"1079",1
"1080",1
"1081",1
"1082",1
"1083",2
"1084",1
"1085",1
"1086",1
"1087",1
"1088",1
"1089",1
"1090",1
"1091",1
"1092",1
"1093",1
"1094",1
"1095",1
"1096",1
"1097",1
"1098",1
"1099",1
"1100",1
"1101",2
"1102",1
"1103",1
"1104",1
"1105",1
"1106",1
"1107",1
"1108",1
"1109",1
"1110",2
"1111",1
"1112",1
"1113",1
"1114",1
"1115",1
"1116",1
"1117",1
"1118",1
"1119",1
"1120",2
"1121",1
"1122",1
"1123",1
"1124",2
"1125",1
"1126",1
"1127",1
"1128",1
"1129",1
"1130",1
"1131",1
"1132",2
"1133",1
"1134",1
"1135",1
"1136",1
"1137",1
"1138",1
"1139",1
"1140",1
"1141",1
"1142",1
"1143",1
"1144",1
"1145",1
"1146",1
"1147",1
"1148",1
"1149",1
"1150",1
"1151",1
"1152",1
"1153",1
"1154",2
"1155",1
"1156",1
"1157",1
"1158",1
"1159",2
"1160",1
"1161",1
"1162",1
"1163",1
"1164",1
"1165",1
"1166",2
"1167",1
"1168",1
"1169",1
"1170",2
"1171",2
"1172",1
"1173",1
"1174",1
"1175",1
"1176",1
"1177",1
"1178",1
"1179",1
"1180",1
"1181",1
"1182",1
"1183",1
"1184",1
"1185",1
"1186",1
"1187",1
"1188",1
"1189",1
"1190",1
"1191",1
"1192",1
"1193",1
"1194",1
"1195",1
"1196",1
"1197",1
"1198",1
"1199",1
"1200",1
